doc,model,thinking,trial,hits,misses,fps,json_ok,completion,finish,cited,raw
A,Qwen3.6-35B,0,1,3,0,0,1,146,stop,②④⑤,"[
  {
    ""节"": ""②"",
    ""缺陷"": ""在利用数据进行特征筛选后划分训练测试集，导致数据泄露和模型评估过拟合。""
  },
  {
    ""节"": ""④"",
    ""缺陷"": ""未进行多重比较校正（如Bonferroni校正），直接以P<0.05判定6次检验会导致极高的I类错误率。""
  },
  {
    ""节"": ""⑤"",
    ""缺陷"": ""平均值（320 mg/L）远大于最大值描述（86 mg/L），数据严重自相矛盾。""
  }
]"
A,Qwen3.6-35B,0,2,1,2,0,1,50,stop,⑤,"[
  {
    ""节"": ""⑤"",
    ""缺陷"": ""平均值（320 mg/L）远超浓度范围最大值（86 mg/L），数据严重自相矛盾。""
  }
]"
A,Qwen3.6-35B,0,3,3,0,0,1,115,stop,②④⑤,"[
  {""节"": ""②"", ""缺陷"": ""建模前基于全部240组数据筛选特征导致数据泄露，破坏了测试集的独立性""},
  {""节"": ""④"", ""缺陷"": ""对同一数据集进行6次两两t检验未进行多重比较校正，大幅增加了假阳性错误概率""},
  {""节"": ""⑤"", ""缺陷"": ""平均值(320)超出测量范围(0.5-86)且远大于中位数，数据描述自相矛盾""}
]"
A,Qwen3.6-35B,1,1,3,0,0,1,3323,stop,②④⑤,"[{""节"": ""②"", ""缺陷"": ""建模前对全量样本进行标准化与特征选择会导致数据泄露，破坏训练集与测试集的独立性。""}, {""节"": ""④"", ""缺陷"": ""进行6次两两比较未进行多重假设检验校正，会显著增大Ⅰ类错误（假阳性）概率。""}, {""节"": ""⑤"", ""缺陷"": ""平均值（320 mg/L）超出样本最大值（86 mg/L），存在明显的数学逻辑矛盾。""}]"
A,Qwen3.6-35B,1,2,3,0,0,1,3332,stop,②④⑤,"[
  {""节"": ""②"", ""缺陷"": ""建模前对全量数据标准化及特征筛选会导致数据泄露，违反模型评估独立性原则。""},
  {""节"": ""④"", ""缺陷"": ""直接进行6次两两t检验未作多重比较校正，会显著放大假阳性概率，统计方法不当。""},
  {""节"": ""⑤"", ""缺陷"": ""报告的平均值（320 mg/L）远超数据最大值（86 mg/L），数据自相矛盾，数学上不成立。""}
]"
A,Qwen3.6-35B,1,3,3,0,0,1,3021,stop,②④⑤,"[
  {""节"": ""②"", ""缺陷"": ""建模前对全量数据标准化及特征筛选后再划分训练测试集，导致数据泄漏（Data Leakage）""},
  {""节"": ""④"", ""缺陷"": ""进行6组两两独立样本t检验未进行多重比较校正，统计推断不严谨且大幅增加假阳性风险""},
  {""节"": ""⑤"", ""缺陷"": ""平均值（320 mg/L）远超数据范围最大值（86 mg/L），存在明显的数学逻辑矛盾""}
]"
B,Qwen3.6-35B,0,1,2,1,0,1,93,stop,④⑥,"[{""节"": ""④"", ""缺陷"": ""将预测模型输出的相对重要性得分直接等同于现实世界中的因果驱动因素，犯了生态谬误/因果倒置的方法学错误。""}, {""节"": ""⑥"", ""缺陷"": ""报告的样品平均值（0.32 mg/kg）远低于仪器的检出限（5 mg/kg），数据在测量技术上自相矛盾，表明样品浓度极低或仪器未有效工作。""}]"
B,Qwen3.6-35B,0,2,2,1,0,1,148,stop,④⑥,"[
  {
    ""节"": ""④"",
    ""缺陷"": ""XGBoost基于树的模型输出的是不纯度减少或增益的相对比例总和为1，0.31的单一特征重要性与其余特征之和超过1或无法构成有效解释，且通常归一化后总和为1，此处表述违反特征重要性总和约束或存在统计逻辑错误。""
  },
  {
    ""节"": ""⑥"",
    ""缺陷"": ""报告的平均含量（0.32 mg/kg）远低于仪器的检出限（5 mg/kg），表明数据完全处于检测盲区，平均值的计算与报告在科学上无效。""
  }
]"
B,Qwen3.6-35B,0,3,2,1,0,1,110,stop,②⑥,"[
  {
    ""节"": ""②"",
    ""缺陷"": ""使用包含目标变量（内梅罗指数由各金属单项指数计算得出）的特征构建模型，导致严重的目标泄露（数据 leakage）和逻辑循环。""
  },
  {
    ""节"": ""⑥"",
    ""缺陷"": ""报告的平均含量（0.32 mg/kg）远低于仪器的检出限（5 mg/kg），表明测量数据无效或存在严重的逻辑矛盾。""
  }
]"
B,Qwen3.6-35B,1,1,2,1,0,1,3210,stop,②⑥,"[{""节"": ""②"", ""缺陷"": ""内梅罗综合污染指数是重金属浓度及单项指数的确定性数学函数，将其作为预测目标而原变量作为输入会导致严重的循环论证与数据泄露。""}, {""节"": ""⑥"", ""缺陷"": ""报告的平均Cd含量（0.32 mg/kg）远低于仪器检出限（5 mg/kg），低于检出限的数据无法准确定量，分析结果无效。""}]"
B,Qwen3.6-35B,1,2,3,0,0,1,4126,stop,②④⑥,"[{""节"": ""②"", ""缺陷"": ""目标变量（内梅罗指数）由输入特征（单项污染指数及浓度）直接数学计算得出，存在数据泄漏与循环依赖，机器学习预测无实际意义。""}, {""节"": ""④"", ""缺陷"": ""机器学习特征重要性仅反映统计关联与预测贡献，不能直接推导因果关系，据此判定酸化为“主要驱动因素”逻辑不成立。""}, {""节"": ""⑥"", ""缺陷"": ""报告的平均Cd含量（0.32 mg/kg）远低于仪器检出限（5 mg/kg），数据自相矛盾且违背基本检测原理。""}]"
B,Qwen3.6-35B,1,3,2,1,0,1,2877,stop,②⑥,"[{""节"": ""②"", ""缺陷"": ""预测目标（内梅罗指数）在数学上直接由输入特征中的单项污染指数计算得出，存在严重的目标泄漏与逻辑循环""}, {""节"": ""⑥"", ""缺陷"": ""报告的平均含量（0.32 mg/kg）远低于仪器检出限（5 mg/kg），测量结果无效且均值计算无科学意义""}]"
A,GLM-5.2,0,1,2,1,0,1,69,stop,②⑤,"[{""节"": ""②"", ""缺陷"": ""数据划分前基于全体样本与目标变量的相关性做特征筛选，造成测试集信息泄露，导致测试集评估结果有偏。""}, {""节"": ""⑤"", ""缺陷"": ""浓度最大值86 mg/L小于平均值320 mg/L，数据自相矛盾。""}]"
A,GLM-5.2,0,2,3,0,0,1,139,stop,②④⑤,"[{""节"": ""②"", ""缺陷"": ""在训练集与测试集划分前基于全体样本进行特征筛选并做Z-score标准化，存在严重的数据泄漏，会导致模型泛化能力评估失效。""}, {""节"": ""④"", ""缺陷"": ""属于同一批四季样本的 six-pairwise t 检验未作多重比较校正，且使用 t 检验未说明各季节独立样本的正态性与方差齐性前提。""}, {""节"": ""⑤"", ""缺陷"": ""浓度范围为 0.5–86 mg/L，平均值 320 mg/L 在数学上自相矛盾（平均值不可能大于最大值）。""}]"
A,GLM-5.2,0,3,3,0,0,1,121,stop,②④⑤,"```json
[
  {""节"": ""②"", ""缺陷"": ""在全部样本上做标准化与特征筛选后再划分训练集，造成测试集信息泄露，评估结果不独立。""},
  {""节"": ""④"", ""缺陷"": ""同一组样本进行6次两两t检验但未做多重比较校正，以P<0.05判定显著会放大假阳性。""},
  {""节"": ""⑤"", ""缺陷"": ""浓度范围0.5–86 mg/L与平均值320 mg/L自相矛盾，平均值不可能高于最大值。""}
]
```"
A,GLM-5.2,1,1,3,0,0,1,3351,stop,②④⑤,"```json
[
  {""节"": ""②"", ""缺陷"": ""在训练/测试集划分前用全体样本做Z-score标准化与相关性特征筛选，造成数据泄露，模型评估偏乐观。""},
  {""节"": ""④"", ""缺陷"": ""对6组季节两两比较分别做t检验却未做多重比较校正，族系错误率膨胀，P<0.05的显著性判定不可靠。""},
  {""节"": ""⑤"", ""缺陷"": ""浓度范围0.5–86 mg/L而均值高达320 mg/L，均值超过最大值，数据自相矛盾。""}
]
```"
A,GLM-5.2,1,2,3,0,0,1,9681,stop,②④⑤,"[{""节"":""②"",""缺陷"":""在全体样本上标准化并做相关性特征筛选后才划分训练/测试集，导致数据泄漏，测试集评估不独立。""},{""节"":""④"",""缺陷"":""对4个季节做6次两两t检验却未进行多重比较校正，显著性判断会膨胀I类错误。""},{""节"":""⑤"",""缺陷"":""平均值320 mg/L大于浓度上限86 mg/L，统计量自相矛盾，不可能成立。""}]"
A,GLM-5.2,1,3,3,0,0,1,5687,stop,②④⑤,"[{""节"":""②"",""缺陷"":""在划分训练/测试集前基于全体样本做标准化和目标相关性特征筛选，造成测试集信息泄漏。""},{""节"":""④"",""缺陷"":""对四个季节共6组两两比较做t检验却未作多重比较校正，显著性判定存在多重检验Ⅰ类错误膨胀。""},{""节"":""⑤"",""缺陷"":""硝酸盐浓度范围上限为86 mg/L却给出平均值320 mg/L，平均值大于最大值，数据自相矛盾。""}]"
B,GLM-5.2,0,1,3,0,0,1,137,stop,②④⑥,"[{""节"": ""②"", ""缺陷"": ""内梅罗综合污染指数由单项污染指数计算得出，而单项污染指数又由重金属实测浓度计算得出，将这三者同时作为输入特征会导致严重的数据泄露。""}, {""节"": ""④"", ""缺陷"": ""pH重要性最高只能说明它对模型预测内梅罗污染指数的贡献最大，不能直接推断土壤酸化是重金属富集的驱动因素。""},{""节"": ""⑥"", ""缺陷"": ""仪器Cd检出限为5 mg/kg，但报告的Cd平均含量为0.32 mg/kg，数据低于仪器检出限，存在根本性逻辑矛盾。""}]"
B,GLM-5.2,0,2,3,0,0,1,143,stop,②④⑥,"[{""节"": ""②"", ""缺陷"": ""以内梅罗综合污染指数为预测目标，却把各重金属单项污染指数作为输入特征，而内梅罗指数是由单项污染指数直接计算得出的，存在严重的数据泄露。""},{""节"": ""④"", ""缺陷"": ""特征重要性只能表明pH对模型预测结果的贡献大，不能据此直接推断土壤酸化是重金属富集的驱动因素，存在因果推断逻辑错误。""},{""节"": ""⑥"", ""缺陷"": ""XRF对Cd的检出限为5 mg/kg，而报告的平均含量为0.32 mg/kg，测量值远低于仪器检出限，数据自相矛盾。""}]"
B,GLM-5.2,0,3,3,0,0,1,136,stop,②④⑥,"[{""节"": ""②"", ""缺陷"": ""内梅罗综合污染指数由五种重金属浓度直接数学计算得出，将其作为预测目标、又把各金属实测浓度及单项污染指数作为输入特征存在特征泄漏。""},{""节"": ""④"", ""缺陷"": ""pH重要性得分高仅说明其对预测内梅罗污染指数贡献大，不能凭此推断土壤酸化是重金属富集的驱动因素。""},{""节"": ""⑥"", ""缺陷"": ""XRF对Cd的检出限为5 mg/kg，无法报出远低于该检出限的0.32 mg/kg平均含量逻辑自相矛盾。""}]"
B,GLM-5.2,1,1,3,0,0,1,3331,stop,②④⑥,"[{""节"":""②"",""缺陷"":""内梅罗指数由单项污染指数直接计算，将单项污染指数及其决定它的实测浓度作为输入特征预测该指数，属于目标泄漏。""},{""节"":""④"",""缺陷"":""XGBoost特征重要性只反映对预测内梅罗指数的贡献，不能据此因果推断土壤酸化是重金属富集的主要驱动因素。""},{""节"":""⑥"",""缺陷"":""便携式XRF对Cd检出限为5 mg/kg，无法可靠测定并报告远低于该限的0.32 mg/kg平均含量。""}]"
B,GLM-5.2,1,2,3,0,0,1,7374,stop,②④⑥,"[{""节"":""②"",""缺陷"":""内梅罗综合污染指数由各金属单项污染指数直接计算，将其作为输入特征造成目标泄漏，模型评估无意义。""},{""节"":""④"",""缺陷"":""XGBoost特征重要性只反映预测贡献，不能据此推断土壤酸化是重金属富集的因果驱动因素。""},{""节"":""⑥"",""缺陷"":""XRF对Cd检出限为5 mg/kg，报告Cd平均含量0.32 mg/kg低于检出限，仪器无法可靠测得，数据自相矛盾。""}]"
B,GLM-5.2,1,3,3,0,0,1,2520,stop,②④⑥,"[
  {""节"": ""②"", ""缺陷"": ""内梅罗综合污染指数由五种重金属实测浓度及单项污染指数直接计算得出，将其作为输入特征会导致严重的数据泄露。""},
  {""节"": ""④"", ""缺陷"": ""特征重要性无法直接推导因果关系，且模型预测目标为污染指数而非重金属浓度，不能据此说明重金属富集的驱动因素。""},
  {""节"": ""⑥"", ""缺陷"": ""报告的 Cd 平均含量 0.32 mg/kg 低于仪器检出限 5 mg/kg，存在数据自相矛盾和测量流程根本性错误。""}
]"
A,LongCat-2.0,0,1,3,0,0,1,142,stop,②④⑤,"[
  {""节"": ""②"", ""缺陷"": ""基于全体样本做特征选择后再划分训练集与测试集，造成数据泄露，测试集信息已污染特征筛选过程，评估结果不可信。""},
  {""节"": ""④"", ""缺陷"": ""对6组季节比较均使用独立样本t检验，但同一批样本在不同季节间存在配对/重复测量关系，且未做多重比较校正，统计方法选择错误。""},
  {""节"": ""⑤"", ""缺陷"": ""浓度范围0.5–86 mg/L与平均值320 mg/L自相矛盾，320超出最大值86，数据不可能成立。""}
]"
A,LongCat-2.0,0,2,3,0,0,1,120,stop,②④⑤,"[
  {""节"": ""②"", ""缺陷"": ""先基于全体样本做相关性筛选特征再划分训练集与测试集，导致测试集信息泄露到特征选择中，造成模型评估结果乐观偏倚。""},
  {""节"": ""④"", ""缺陷"": ""对6组两两比较均使用独立样本t检验而未做多重比较校正，膨胀I类错误率。""},
  {""节"": ""⑤"", ""缺陷"": ""平均值320 mg/L远超最大值86 mg/L，数据自相矛盾，统计量明显错误。""}
]"
A,LongCat-2.0,0,3,3,0,0,1,141,stop,②④⑤,"```json
[
  {""节"": ""②"", ""缺陷"": ""在划分训练集与测试集之前，基于全部240个样本进行特征筛选，导致测试集信息泄露到训练阶段，使模型评估结果不可靠。""},
  {""节"": ""④"", ""缺陷"": ""对6组两两比较直接使用独立样本t检验而未进行多重比较校正，会大幅增加I类错误（假阳性）的累积概率。""},
  {""节"": ""⑤"", ""缺陷"": ""浓度范围为0.5–86 mg/L，但平均值320 mg/L远超最大值，数据自相矛盾，统计量必然存在错误。""}
]
```"
A,LongCat-2.0,1,1,2,1,0,1,450,stop,②⑤,"[{""节"": ""②"", ""缺陷"": ""在划分训练集和测试集之前，使用全部样本进行特征选择与标准化，导致测试集信息严重泄露到训练过程中。""}, {""节"": ""⑤"", ""缺陷"": ""报告的平均硝酸盐浓度（320 mg/L）大于给出的最大值（86 mg/L），数据统计结果自相矛盾。""}]"
A,LongCat-2.0,1,2,2,1,0,0,501,stop,②⑤,"[{""节"": ""②"", ""缺陷"": ""特征选择在数据集拆分之前基于全部样本进行，造成了数据泄露，使测试集信息污染了特征选择过程。""}, {""节"": ""⑤"", ""缺陷"": ""报道的平均硝酸盐浓度\(\\)320 mg/L\\(远超过样本最大浓度\\)86 mg/L\\(，数值自相矛盾，明显为错误。""}]"
A,LongCat-2.0,1,3,2,1,0,1,546,stop,②⑤,"[{""节"": ""②"", ""缺陷"": ""特征筛选与数据标准化基于全部240组样本，包括测试集，造成数据泄露。""}, {""节"": ""⑤"", ""缺陷"": ""样本平均值320 mg/L超出实测浓度范围0.5–86 mg/L，数据自相矛盾。""}]"
B,LongCat-2.0,0,1,3,0,0,1,198,stop,②④⑥,"[
  {""节"": ""②"", ""缺陷"": ""以内梅罗综合污染指数为预测目标，但该指数由五种重金属的单项污染指数计算得到，而单项污染指数又直接由五种重金属实测浓度计算得到，输入特征中同时包含实测浓度与单项污染指数，构成严重的数据泄漏（data leakage），模型本质上是在学习一个确定性数学公式而非真实的环境驱动关系。""},
  {""节"": ""④"", ""缺陷"": ""特征重要性得分高仅说明该特征在模型预测中的贡献大，不能直接等同于该因素是重金属富集的主要驱动因素，混淆了统计相关性与因果机制。""},
  {""节"": ""⑥"", ""缺陷"": ""便携式XRF对Cd的检出限为5 mg/kg，但报告的平均含量为0.32 mg/kg，远低于检出限，说明绝大多数样本的Cd浓度为未检出（ND）值，该平均值在方法学上不可靠。""}
]"
B,LongCat-2.0,0,2,3,0,0,1,165,stop,②④⑥,"[{""节"": ""②"", ""缺陷"": ""输入特征中包含了五种重金属的实测浓度及其单项污染指数，而预测目标内梅罗综合污染指数正是由这些单项污染指数计算得出的，造成数据泄露，模型从输入直接\""看到\""了目标变量的构成成分。""}, {""节"": ""④"", ""缺陷"": ""XGBoost 特征重要性得分仅反映模型中各特征的贡献大小，不能直接推断为现实中的因果驱动因素，将特征重要性等同于\""主要驱动因素\""属于因果推断的逻辑错误。""}, {""节"": ""⑥"", ""缺陷"": ""Cd 平均含量 0.32 mg/kg 远低于仪器检出限 5 mg/kg，低于检出限的数据不可靠，据此报告平均值在方法学上站不住。""}]"
B,LongCat-2.0,0,3,3,0,0,0,156,stop,②④⑥,"[{""节"": ""②"", ""缺陷"": ""以内梅罗综合污染指数为预测目标，但输入特征已包含各金属的单项污染指数，而内梅罗指数正是由这些单项污染指数计算得出，属于用结果预测结果的数据泄漏。""}, {""节"": ""④"", ""缺陷"": ""XGBoost特征重要性仅反映模型内部特征贡献度，不能直接等同于因果驱动因素，将统计重要性解释为""主要驱动因素""属于因果推断错误。""}, {""节"": ""⑥"", ""缺陷"": ""仪器对Cd的检出限为5 mg/kg，但报告的平均含量0.32 mg/kg远低于检出限，大量数据应属未检出却参与均值计算，结果不可信。""}]"
B,LongCat-2.0,1,1,2,1,0,1,1737,stop,②⑥,"[{""节"":""②"",""缺陷"":""预测目标内梅罗污染指数可直接由输入特征（各金属浓度与单项污染指数）计算得出，存在严重数据泄漏，模型无实际预测意义。""},{""节"":""⑥"",""缺陷"":""仪器对Cd的检出限为5 mg/kg，报告的平均含量0.32 mg/kg远低于检出限，该平均值无效。""}]"
B,LongCat-2.0,1,2,2,1,0,1,638,stop,②⑥,"[
  {""节"": ""②"", ""缺陷"": ""内梅罗综合污染指数由单项污染指数计算得出，将其作为目标变量而将单项污染指数作为输入特征，导致数据泄露与模型逻辑循环。""},
  {""节"": ""⑥"", ""缺陷"": ""便携式XRF对Cd的检出限为5 mg/kg，报告的平均含量为0.32 mg/kg，远低于检出限，数据不可靠且违背检测常识。""}
]"
B,LongCat-2.0,1,3,2,1,0,1,1037,stop,②⑥,"[{""节"": ""②"", ""缺陷"": ""以内梅罗综合污染指数（由其单项指数计算得到）为目标，输入特征中包含各金属单项污染指数，造成数据泄露，模型评估结果无效。""}, {""节"": ""⑥"", ""缺陷"": ""仪器对Cd的检出限为5 mg/kg，但报告的平均含量为0.32 mg/kg，远低于检出限，数据自相矛盾。""}]"
