task,cli,knob,trial,correct,turns,out_tok,wall,ok,note,raw
d-recur-11,claude-haiku,off,1,0,4,435,30.1,1,得到 627 期望 256,627
d-recur-11,claude-haiku,off,2,1,1,418,13.6,1,得到 256 期望 256,"我需要计算这个数列的第12项。让我逐步计算：

a(1) = 3
a(2) = (3 × 7 + 11) mod 1000 = 32 mod 1000 = 32
a(3) = (32 × 7 + 11) mod 1000 = 235 mod 1000 = 235
a(4) = (235 × 7 + 11) mod 1000 = 1656 mod 1000 = 656
a(5) = (656 × 7 + 11) mod 1000 = 4603 mod 1000 = 603
a(6) = (603 × 7 + 11) mod 1000 = 4232 mod 1000 = 232
a(7) = (2"
d-recur-11,claude-haiku,off,3,0,3,279,20.7,1,得到 207 期望 256,207
d-recur-11,claude-haiku,on,1,1,1,646,17.5,1,得到 256 期望 256,256
d-recur-11,claude-haiku,on,2,1,1,731,17.3,1,得到 256 期望 256,256
d-recur-11,claude-haiku,on,3,1,1,632,16.1,1,得到 256 期望 256,256
d-recur-11,codex-mini,low,1,0,0,0,0.2,0,无assistant消息 rc=1,
d-recur-11,codex-mini,low,2,0,0,0,0.2,0,无assistant消息 rc=1,
d-recur-11,codex-mini,low,3,0,0,0,0.2,0,无assistant消息 rc=1,
d-recur-11,codex-mini,high,1,0,0,0,0.2,0,无assistant消息 rc=1,
d-recur-11,codex-mini,high,2,0,0,0,0.2,0,无assistant消息 rc=1,
d-recur-11,codex-mini,high,3,0,0,0,0.2,0,无assistant消息 rc=1,
d-statemachine,claude-haiku,off,1,1,1,295,16.0,1,"得到 (8, 17) 期望 (8, 17)","让我逐步执行这12个操作：

初始：红=5，蓝=3

1) 加4个红球：红=9，蓝=3
2) 拿走1个蓝球：红=9，蓝=2
3) 加6个蓝球：红=9，蓝=8
4) 拿走3个红球：红=6，蓝=8
5) 红球与蓝球数量互换：红=8，蓝=6
6) 加2个红球：红=10，蓝=6
7) 拿走4个蓝球：红=10，蓝=2
8) 红球数量翻倍：红=20，蓝=2
9) 加1个蓝球：红=20，蓝=3
10) 红球与蓝球数量互换：红=3，蓝=20
11) 加5个红球：红=8，蓝=20
12) 拿走3个蓝球：红=8，蓝=17

8,17"
d-statemachine,claude-haiku,off,2,1,1,290,13.9,1,"得到 (8, 17) 期望 (8, 17)","让我逐步计算：

初始：红=5，蓝=3

1) 加4个红球：红=9，蓝=3
2) 拿走1个蓝球：红=9，蓝=2
3) 加6个蓝球：红=9，蓝=8
4) 拿走3个红球：红=6，蓝=8
5) 红球与蓝球数量互换：红=8，蓝=6
6) 加2个红球：红=10，蓝=6
7) 拿走4个蓝球：红=10，蓝=2
8) 红球数量翻倍：红=20，蓝=2
9) 加1个蓝球：红=20，蓝=3
10) 红球与蓝球数量互换：红=3，蓝=20
11) 加5个红球：红=8，蓝=20
12) 拿走3个蓝球：红=8，蓝=17

8,17"
d-statemachine,claude-haiku,off,3,1,1,346,14.1,1,"得到 (8, 17) 期望 (8, 17)","我来逐步计算球的数量变化。

初始状态：红球 5 个，蓝球 3 个

1) 加 4 个红球 → 红 9，蓝 3
2) 拿走 1 个蓝球 → 红 9，蓝 2
3) 加 6 个蓝球 → 红 9，蓝 8
4) 拿走 3 个红球 → 红 6，蓝 8
5) 红球与蓝球数量互换 → 红 8，蓝 6
6) 加 2 个红球 → 红 10，蓝 6
7) 拿走 4 个蓝球 → 红 10，蓝 2
8) 红球数量翻倍 → 红 20，蓝 2
9) 加 1 个蓝球 → 红 20，蓝 3
10) 红球与蓝球数量互换 → 红 3，蓝 20
11) 加 5 个红球 → 红 8，蓝 20
12) 拿走 3 个蓝球 → 红 8，蓝"
d-statemachine,claude-haiku,on,1,1,1,563,14.6,1,"得到 (8, 17) 期望 (8, 17)","8,17"
d-statemachine,claude-haiku,on,2,1,1,545,18.2,1,"得到 (8, 17) 期望 (8, 17)","8,17"
d-statemachine,claude-haiku,on,3,1,1,383,13.5,1,"得到 (8, 17) 期望 (8, 17)","8,17"
d-statemachine,codex-mini,low,1,0,0,0,0.2,0,无assistant消息 rc=1,
d-statemachine,codex-mini,low,2,0,0,0,0.2,0,无assistant消息 rc=1,
d-statemachine,codex-mini,low,3,0,0,0,0.2,0,无assistant消息 rc=1,
d-statemachine,codex-mini,high,1,0,0,0,0.2,0,无assistant消息 rc=1,
d-statemachine,codex-mini,high,2,0,0,0,0.2,0,无assistant消息 rc=1,
d-statemachine,codex-mini,high,3,0,0,0,0.2,0,无assistant消息 rc=1,
d-seat-csp,claude-haiku,off,1,1,1,509,14.2,1,得到 甲乙戊丙丁 期望 甲乙戊丙丁,"我来逐步分析这个座位排列问题。

已知条件：
- ③ 戊在3号位：_ _ 戊 _ _
- ① 甲 < 乙（座位号）
- ② 丙丁相邻
- ④ 乙≠5
- ⑤ 甲丙不相邻
- ⑥ 丙 < 丁

由于戊在3号，其余四人在1,2,4,5号位。

由②⑥，丙丁相邻且丙<丁，可能的位置：
- 丙1丁2、丙2丁4、丙4丁5

**情况1：丙1丁2**
- 剩余甲乙在4,5
- 由④乙≠5，所以乙4甲5
- 检查⑤：甲5丙1不相邻 ✓
- 序列：丙1,丁2,戊3,乙4,甲5
- 检查①：甲5>乙4 ✗

**情况2：丙2丁4**
- 剩余甲乙在1,5
- 由④乙≠5，所以乙1甲5
- 检查①：甲5>乙1 ✗"
d-seat-csp,claude-haiku,off,2,1,1,560,16.9,1,得到 甲乙戊丙丁 期望 甲乙戊丙丁,"I need to solve this seating arrangement logic puzzle step by step.

Let me work through the constraints:

**Given:**
- 5 people (甲乙丙丁戊) sitting in positions 1-5
- ① 甲 < 乙 (in seat numbers)
- ② 丙 and 丁 are adjacent
- ③ 戊 is in seat 3
- ④ 乙 ≠ 5
- ⑤ 甲 and 丙 are not adjacent
- ⑥ 丙 < 丁 (in seat numbers)"
d-seat-csp,claude-haiku,off,3,1,1,445,17.8,1,得到 甲乙戊丙丁 期望 甲乙戊丙丁,"让我逐步分析这个逻辑谜题。

已知条件：
- 戊在3号位
- 甲 < 乙（座位号）
- 丙和丁相邻且丙 < 丁
- 乙≠5号位
- 甲和丙不相邻

由于戊在3号位，剩余四人（甲乙丙丁）占据1、2、4、5号位。

丙和丁相邻，可能的组合：
- (1,2), (2,1), (2,4), (4,2), (4,5), (5,4)

考虑丙 < 丁的约束，可能为：
- 丙在1丁在2
- 丙在2丁在4
- 丙在4丁在5

**情况1：丙1丁2**
- 甲乙在4、5
- 甲 < 乙且乙≠5，矛盾

**情况2：丙2丁4**
- 甲乙在1、5
- 甲 < 乙且乙≠5 → 甲在1乙在5，但甲和丙(2号)相邻，违"
d-seat-csp,claude-haiku,on,1,1,1,810,15.6,1,得到 甲乙戊丙丁 期望 甲乙戊丙丁,"甲,乙,戊,丙,丁"
d-seat-csp,claude-haiku,on,2,1,1,770,18.0,1,得到 甲乙戊丙丁 期望 甲乙戊丙丁,"甲,乙,戊,丙,丁"
d-seat-csp,claude-haiku,on,3,1,1,749,13.7,1,得到 甲乙戊丙丁 期望 甲乙戊丙丁,"甲,乙,戊,丙,丁"
d-seat-csp,codex-mini,low,1,0,0,0,0.3,0,无assistant消息 rc=1,
d-seat-csp,codex-mini,low,2,0,0,0,0.2,0,无assistant消息 rc=1,
d-seat-csp,codex-mini,low,3,0,0,0,0.2,0,无assistant消息 rc=1,
d-seat-csp,codex-mini,high,1,0,0,0,0.2,0,无assistant消息 rc=1,
d-seat-csp,codex-mini,high,2,0,0,0,0.3,0,无assistant消息 rc=1,
d-seat-csp,codex-mini,high,3,0,0,0,0.2,0,无assistant消息 rc=1,
d-multihop,claude-haiku,off,1,1,1,388,17.8,1,"得到 (78, 3) 期望 (78, 3)","让我逐步计算这道题。

首先计算三个仓库的初始货物数量：
- 甲仓库：272 件
- 乙仓库：272 × 3/4 = 204 件
- 丙仓库：(272 + 204) / 2 - 30 = 238 - 30 = 208 件

然后计算三个仓库各自卖出的货物数量（五分之一，向下取整）：
- 甲仓库卖出：272 / 5 = 54.4 → 54 件（向下取整）
- 乙仓库卖出：204 / 5 = 40.8 → 40 件（向下取整）
- 丙仓库卖出：208 / 5 = 41.6 → 41 件（向下取整）

计算三个仓库剩余的货物数量：
- 甲仓库剩余：272 - 54 = 218 件
- 乙仓库剩余：2"
d-multihop,claude-haiku,off,2,1,1,390,13.7,1,"得到 (78, 3) 期望 (78, 3)","让我逐步计算这个问题。

**第一步：计算三个仓库的初始库存**
- 甲仓库：272 件
- 乙仓库：272 × 3/4 = 204 件
- 丙仓库：(272 + 204) ÷ 2 - 30 = 476 ÷ 2 - 30 = 238 - 30 = 208 件

**第二步：计算每个仓库卖出的货（五分之一，向下取整）**
- 甲卖出：⌊272 × 1/5⌋ = ⌊54.4⌋ = 54 件，剩余：272 - 54 = 218 件
- 乙卖出：⌊204 × 1/5⌋ = ⌊40.8⌋ = 40 件，剩余：204 - 40 = 164 件
- 丙卖出：⌊208 × 1/5⌋ = ⌊41.6⌋ = 41"
d-multihop,claude-haiku,off,3,1,4,1244,35.2,1,"得到 (78, 3) 期望 (78, 3)","让我直接计算：

甲仓库：272 件
乙仓库：272 × 3/4 = 204 件
丙仓库：(272 + 204) / 2 - 30 = 238 - 30 = 208 件

卖出的货物：
- 甲卖出：272 / 5 = 54.4 → 54 件，剩余 218 件
- 乙卖出：204 / 5 = 40.8 → 40 件，剩余 164 件
- 丙卖出：208 / 5 = 41.6 → 41 件，剩余 167 件

合并后的总货物：218 + 164 + 167 = 549 件

平均分配给7个门店：
- 549 ÷ 7 = 78 余 3

78,3"
d-multihop,claude-haiku,on,1,1,1,439,13.5,1,"得到 (78, 3) 期望 (78, 3)","78,3"
d-multihop,claude-haiku,on,2,1,1,980,19.5,1,"得到 (78, 3) 期望 (78, 3)","计算过程：

**初始库存：**
- 甲：272 件
- 乙：272 × 3/4 = 204 件
- 丙：(272 + 204) × 1/2 - 30 = 208 件

**卖出货物（五分之一向下取整）：**
- 甲卖出：⌊272 × 1/5⌋ = 54 件，剩余 218 件
- 乙卖出：⌊204 × 1/5⌋ = 40 件，剩余 164 件
- 丙卖出：⌊208 × 1/5⌋ = 41 件，剩余 167 件

**总剩余：** 218 + 164 + 167 = 549 件

**平均分配：** 549 ÷ 7 = 78 余 3

78,3"
d-multihop,claude-haiku,on,3,1,1,440,14.6,1,"得到 (78, 3) 期望 (78, 3)","78,3"
d-multihop,codex-mini,low,1,0,0,0,0.2,0,无assistant消息 rc=1,
d-multihop,codex-mini,low,2,0,0,0,0.2,0,无assistant消息 rc=1,
d-multihop,codex-mini,low,3,0,0,0,0.2,0,无assistant消息 rc=1,
d-multihop,codex-mini,high,1,0,0,0,0.3,0,无assistant消息 rc=1,
d-multihop,codex-mini,high,2,0,0,0,0.3,0,无assistant消息 rc=1,
d-multihop,codex-mini,high,3,0,0,0,0.3,0,无assistant消息 rc=1,
