doc,model,thinking,trial,hits,fps,neutral,json_ok,completion,finish,cited,raw
C,Qwen3.6-35B,0,1,2,0,0,1,113,stop,④⑥,"[{""节"": ""④"", ""缺陷"": ""独立样本t检验的自由度计算错误，两组样本量分别为78和75时，自由度应为n1+n2-2=150，而非120""}, {""节"": ""⑥"", ""缺陷"": ""单位换算错误且逻辑矛盾，测定结果以NO3⁻计但判定标准以N计，且10mg/L(N)相当于约44mg/L(NO3⁻)，直接比较数值会导致超标率统计完全错误""}]"
C,Qwen3.6-35B,0,2,2,0,0,1,120,stop,④⑥,"[
  {
    ""节"": ""④"",
    ""缺陷"": ""t检验自由度计算错误：总样本量为153，独立样本t检验的自由度应为151或152，而非120。""
  },
  {
    ""节"": ""⑥"",
    ""缺陷"": ""单位换算逻辑错误：测定结果为NO3⁻浓度，而限值为N浓度，直接比较未进行单位换算（需乘以3.42或除以3.42）。""
  }
]"
C,Qwen3.6-35B,0,3,0,0,0,1,260,stop,,"{
  ""defects"": [
    {
      ""section"": ""②"",
      ""issue"": ""离子色谱法测定硝酸盐结果以硝酸根离子（NO3⁻）计，但检出限0.08 mg/L通常对应以氮（N）计的标准，两者单位不一致或数值量级存疑。""
    },
    {
      ""section"": ""③"",
      ""issue"": ""训练集130组加测试集31组共161组，与总样本量153组数据自相矛盾。""
    },
    {
      ""section"": ""④"",
      ""issue"": ""总样本量153组，分两组（78和75）进行独立样本t检验，自由度应为151，文中df=120缺乏依据且与样本量不符。""
    },
    {
      ""section"": ""⑥"",
      ""issue"": ""将硝酸盐标准限值10 mg/L（以N"
C,Qwen3.6-35B,1,1,3,0,0,1,3269,stop,③④⑥,"[{""节"":""③"",""缺陷"":""样本总数前后矛盾（①为153组，③中训练集与测试集相加为161组）""},{""节"":""④"",""缺陷"":""独立样本t检验自由度计算错误（两组样本量78和75，df应为151而非120）""},{""节"":""⑥"",""缺陷"":""单位未换算直接比较（②测定值以NO3⁻计，⑥限值以N计且未换算直接对比）""}]"
C,Qwen3.6-35B,1,2,3,0,0,1,3379,stop,③④⑥,"[{""节"":""③"",""缺陷"":""训练集与测试集样本数之和（130+31=161）与第①节所述总样本数（153）矛盾，数据自相矛盾。""},{""节"":""④"",""缺陷"":""独立样本t检验自由度应为两组样本量之和减2（78+75-2=151），报告df=120与给定数据不符。""},{""节"":""⑥"",""缺陷"":""第②节测定值以NO3⁻计，而判定标准以N计，直接比较未进行单位换算，且农用灌溉井直接套用饮用水标准存在根本性方法错误。""}]"
C,Qwen3.6-35B,1,3,3,0,0,1,3018,stop,③④⑥,"[
  {""节"": ""③"", ""缺陷"": ""训练集与测试集样本数之和（161）与第①节总样本数（153）自相矛盾""},
  {""节"": ""④"", ""缺陷"": ""独立样本t检验的自由度应为两组样本量之和减2（即151），而非120""},
  {""节"": ""⑥"", ""缺陷"": ""测定值以NO3⁻计而限值以N计，直接比较未换算单位导致超标判定错误""}
]"
D,Qwen3.6-35B,0,1,1,0,0,1,70,stop,⑥,"[
  {
    ""节"": ""⑥"",
    ""缺陷"": ""插值结果范围(3-15 mg/kg)与实测数据范围(0.05-0.83 mg/kg)严重矛盾，违背克里金插值不产生极值的基本性质。""
  }
]"
D,Qwen3.6-35B,0,2,1,0,0,1,73,stop,⑥,"[
  {
    ""节"": ""⑥"",
    ""缺陷"": ""插值预测值（3-15 mg/kg）严重超出实际实测范围（0.05-0.83 mg/kg），存在量级矛盾且疑似未使用实测数据进行验证或插值方法有误。""
  }
]"
D,Qwen3.6-35B,0,3,2,0,1,1,240,stop,①④⑥,"[
  {
    ""节"": ""①"",
    ""缺陷"": ""样点总数计算错误（96+57=153与正文一致，但通常此类研究需检查样本量与后续统计检验的匹配性，此处数值无误，但结合④发现每折30个样点*10折=300个样点，与153个样本严重矛盾）""
  },
  {
    ""节"": ""④"",
    ""缺陷"": ""十折交叉验证总样本量计算错误（每折30个样点×10折=300个，与①中总样点数153个严重矛盾）""
  },
  {
    ""节"": ""⑥"",
    ""缺陷"": ""插值预测范围与实测范围严重矛盾（⑤中Cd实测最高0.83 mg/kg，⑥中克里金插值预测值高达3–15 mg/kg，超出实测数据范围且无异常值说明，属统计外推硬伤）""
  }
]"
D,Qwen3.6-35B,1,1,3,0,0,1,2873,stop,③④⑥,"[
  {""节"": ""③"", ""缺陷"": ""模型以重金属实测浓度作为输入特征去预测由其直接计算得出的综合风险指数，属于循环论证且丧失预测意义""},
  {""节"": ""④"", ""缺陷"": ""153个样点划分十折交叉验证每折仅约15个样本，文中“每折约30个样点”与总样本数存在明显计算矛盾""},
  {""节"": ""⑥"", ""缺陷"": ""克里金插值预测的Cd含量范围（3–15 mg/kg）与实测范围（0.05–0.83 mg/kg）严重背离，违背空间插值不超越数据极值的基本原理""}
]"
D,Qwen3.6-35B,1,2,3,0,0,1,3278,stop,③④⑥,"[{""节"": ""③"", ""缺陷"": ""综合生态风险指数通常由重金属浓度等参数通过确定公式直接计算得出，将其作为目标变量而输入特征包含这些参数属于循环论证与数据泄露。""}, {""节"": ""④"", ""缺陷"": ""总样点153个进行十折交叉验证时每折应为约15个样本，文中“每折约30个样点”存在明显算术与逻辑错误。""}, {""节"": ""⑥"", ""缺陷"": ""克里金插值预测的Cd含量范围（3–15 mg/kg）严重超出实测浓度范围（0.05–0.83 mg/kg），数据自相矛盾。""}]"
D,Qwen3.6-35B,1,3,2,0,0,1,5209,stop,④⑥,"[{""节"":""④"",""缺陷"":""153个样点进行十折交叉验证，每折验证集应约15个样点而非约30个，数量逻辑矛盾。""},{""节"":""⑥"",""缺陷"":""普通克里金插值为实测值的加权平均，预测值不可能超出实测范围，实测Cd最高仅0.83 mg/kg却预测出3–15 mg/kg，违背插值原理且数据自相矛盾。""}]"
C,GLM-5.2,0,1,1,0,0,1,43,stop,⑥,"[{""节"": ""⑥"", ""缺陷"": ""样品测定值以 NO3⁻ 计而限值以 N 计，单位不同却直接比较，导致超标率判定错误。""}]"
C,GLM-5.2,0,2,3,0,0,1,140,stop,③④⑥,"```json
[
  {""节"": ""③"", ""缺陷"": ""样本总数153组，但训练集130组与测试集31组之和为161组，数据自相矛盾。""},
  {""节"": ""④"", ""缺陷"": ""总样本仅153组，扣除缺失值后独立样本t检验的自由度df=120对应总样本量122组，未说明样本缺失情况，数据与采样量不符。""},
  {""节"": ""⑥"", ""缺陷"": ""②中测定结果以NO3⁻计，⑥直接将其与以N计的10 mg/L限值比较，单位不匹配导致超标率判定错误。""}
]
```"
C,GLM-5.2,0,3,3,0,0,1,113,stop,③④⑥,"[{""节"": ""③"", ""缺陷"": ""训练集与测试集样本数之和为161组，与第①节所述总样本153组矛盾。""}, {""节"": ""④"", ""缺陷"": ""总样本153组做独立样本t检验时其自由度应为151，df=120与此不符。""}, {""节"": ""⑥"", ""缺陷"": ""第②节限定测定结果以NO3⁻计，直接将NO3⁻数值与以N计的限值比较会导致量纲不一致。""}]"
C,GLM-5.2,1,1,2,0,0,1,6378,stop,③⑥,"[{""节"": ""③"", ""缺陷"": ""全文共153组样品，但训练集130+测试集31=161组，样本数自相矛盾。""}, {""节"": ""⑥"", ""缺陷"": ""测定值以NO3⁻计，却直接与以N计的10 mg/L限值比较，单位不一致导致超标率错误。""}]"
C,GLM-5.2,1,2,3,0,0,1,11023,stop,③④⑥,"[{""节"":""③"",""缺陷"":""①总样本为153组，而训练集130+测试集31=161组，样本数超过采集数且与8:2划分矛盾。""},{""节"":""④"",""缺陷"":""丰水期78组、枯水期75组做独立样本t检验，常规df应为151；报告df=120且未说明方差不齐校正，与样本量矛盾。""},{""节"":""⑥"",""缺陷"":""②测定值以NO3⁻计，却直接与以N计的10 mg/L限值比较，单位不一致导致超标判定错误。""}]"
C,GLM-5.2,1,3,3,0,0,1,13862,stop,③④⑥,"[
  {""节"": ""③"", ""缺陷"": ""训练集130组与测试集31组合计161组，与①中总样本数153组矛盾，划分数量不自洽。""},
  {""节"": ""④"", ""缺陷"": ""①中两期样本为78、75，独立样本t检验自由度应约为151，给出df=120与样本量不一致。""},
  {""节"": ""⑥"", ""缺陷"": ""②中测定值以NO3⁻计，却直接与以N计的10 mg/L限值比较，未做N/NO3⁻换算，超标率错误。""}
]"
D,GLM-5.2,0,1,2,0,0,1,95,stop,④⑥,"```json
[
  {""节"": ""④"", ""缺陷"": ""样点共 153 个，十折交叉验证每折不可能是约 30 个样点，自相矛盾""},
  {""节"": ""⑥"", ""缺陷"": ""实测 Cd 浓度范围为 0.05–0.83 mg/kg，但克里金插值全区预测含量却为 3–15 mg/kg，超出实测范围，明显数据不一致""}
]
```"
D,GLM-5.2,0,2,2,0,0,1,101,stop,④⑥,"[
  {""节"": ""④"", ""缺陷"": ""全部样点共153个，十折交叉验证每折应约15个，而文中称每折约30个，数据自相矛盾。""},
  {""节"": ""⑥"", ""缺陷"": ""克里金插值预测的全区Cd含量为3–15 mg/kg，与⑤中实测Cd浓度0.05–0.83 mg/kg完全脱节，插值结果根本性失实。""}
]"
D,GLM-5.2,0,3,2,0,0,1,93,stop,④⑥,"[{""节"": ""④"", ""缺陷"": ""总共153个样点，每折约30个样点，十折合计约300个样点，样点数量自相矛盾。""}, {""节"": ""⑥"", ""缺陷"": ""克里金插值的全区预测含量范围（3–15 mg/kg）完全脱离实际样点Cd浓度范围（0.05–0.83 mg/kg），数据根本性矛盾。""}]"
D,GLM-5.2,1,1,0,0,0,0,0,ERROR,,TimeoutError: The read operation timed out
D,GLM-5.2,1,2,2,0,0,1,2179,stop,④⑥,"[
  {""节"": ""④"", ""缺陷"": ""153个样点做十折交叉验证，每折应为约15个样点，不可能约30个。""},
  {""节"": ""⑥"", ""缺陷"": ""普通克里金插值的预测值不可能远超实测最大值，3–15 mg/kg的预测区间与⑤中0.05–0.83 mg/kg的实测数据矛盾。""}
]"
D,GLM-5.2,1,3,3,0,0,1,1164,stop,③④⑥,"```json
[
  {""节"": ""③"", ""缺陷"": ""综合生态风险指数本身由重金属浓度计算所得，用重金属浓度作特征去预测它构成数据泄漏/循环逻辑。""},
  {""节"": ""④"", ""缺陷"": ""153个样点做十折交叉验证，每折应约15个而非约30个；30×10=300与样点总数153矛盾。""},
  {""节"": ""⑥"", ""缺陷"": ""实测Cd仅0.05–0.83 mg/kg，普通克里金是平滑插值不可能产生3–15 mg/kg的预测值，与⑤严重自相矛盾。""}
]
```"
C,LongCat-2.0,0,1,3,0,0,1,151,stop,③④⑥,"[{""节"": ""③"", ""缺陷"": ""训练集130组+测试集31组=161组，与①中总样本153组矛盾。""}, {""节"": ""④"", ""缺陷"": ""独立样本t检验自由度应为n₁+n₂−2=151，但报告df=120，与实际样本量严重不符。""}, {""节"": ""⑥"", ""缺陷"": ""测定值以NO₃⁻计（mg/L），而限值10 mg/L以N计，二者单位不同不可直接比较，需换算（NO₃⁻-N = NO₃⁻ ÷ 4.43）。""}]"
C,LongCat-2.0,0,2,3,0,0,1,137,stop,③④⑥,"[
  {""节"": ""③"", ""缺陷"": ""训练集与测试集共161组，与①中总样本量153组不符，数据自相矛盾。""},
  {""节"": ""④"", ""缺陷"": ""独立样本t检验自由度df=120，但两独立样本总容量为153，理论最大自由度应为151，数值明显矛盾。""},
  {""节"": ""⑥"", ""缺陷"": ""硝酸盐测定值以NO₃⁻计，而饮用水限值10 mg/L以N计，二者计量基准不同，直接比较导致超标率计算错误。""}
]"
C,LongCat-2.0,0,3,3,0,0,1,148,stop,③④⑥,"[{""节"": ""③"", ""缺陷"": ""训练集130组加测试集31组共161组，与①中总样本153组自相矛盾。""}, {""节"": ""④"", ""缺陷"": ""自由度df=120与总样本153组不符（独立样本t检验自由度应为151），与③的161组亦不符，统计量无法对应实际数据。""}, {""节"": ""⑥"", ""缺陷"": ""②中硝酸盐以NO₃⁻计，而⑥的饮用水限值10 mg/L是以N计，两者单位不同却直接比较，方法学上完全站不住脚。""}]"
C,LongCat-2.0,1,1,3,0,0,1,1643,stop,③④⑥,"[
  {""节"": ""③"", ""缺陷"": ""训练集130组与测试集31组共161组，与所述总样本153组自相矛盾。""},
  {""节"": ""④"", ""缺陷"": ""独立样本t检验输出自由度df=120，而总样本153组（丰水期78组、枯水期75组）的自由度应为151，统计结果与数据明显不符。""},
  {""节"": ""⑥"", ""缺陷"": ""硝酸盐浓度以硝酸根（NO₃⁻）计，却直接与以氮（N）计的饮用水标准10 mg/L比较，未进行单位换算，导致超标率错误。""}
]"
C,LongCat-2.0,1,2,3,0,0,1,1184,stop,③④⑥,"[
  {""节"": ""③"", ""缺陷"": ""训练集130组与测试集31组合计161组，与总样本153组矛盾。""},
  {""节"": ""④"", ""缺陷"": ""独立样本t检验自由度df=120，与丰水期78组、枯水期75组样本量（理论df=151）不符。""},
  {""节"": ""⑥"", ""缺陷"": ""硝酸盐测定值以NO3⁻计，却直接与以N计的限值10 mg/L比较，未进行单位换算。""}
]"
C,LongCat-2.0,1,3,3,0,0,1,644,stop,③④⑥,"[{""节"": ""③"", ""缺陷"": ""训练集（130组）与测试集（31组）样本总和为161组，与全文总样本数153组矛盾。""},
 {""节"": ""④"", ""缺陷"": ""独立样本t检验自由度应为78+75-2=151，但报告为120。""},
 {""节"": ""⑥"", ""缺陷"": ""硝酸盐测定值以NO3⁻计（mg/L），却直接与以N计的饮用水限值10 mg/L比较，未进行单位换算，导致超标率结论错误。""}]"
D,LongCat-2.0,0,1,2,0,0,1,98,stop,④⑥,"[{""节"": ""④"", ""缺陷"": ""153个样点十折交叉验证每折应约15个样点，文中称每折约30个，数量矛盾""}, {""节"": ""⑥"", ""缺陷"": ""⑤中Cd实测浓度范围为0.05–0.83 mg/kg，⑥中克里金插值预测范围为3–15 mg/kg，预测值远超实测值，数据自相矛盾""}]"
D,LongCat-2.0,0,2,2,0,0,1,96,stop,④⑥,"[{""节"": ""④"", ""缺陷"": ""153个样点十折交叉验证，每折应约15个样点，而非约30个，数据自相矛盾。""}, {""节"": ""⑥"", ""缺陷"": ""克里金插值图显示Cd范围为3–15 mg/kg，与⑤中实测范围0.05–0.83 mg/kg严重矛盾，数量级相差数十倍。""}]"
D,LongCat-2.0,0,3,2,0,1,1,191,stop,③④⑤,"[
  {""节"": ""③"", ""缺陷"": ""输入特征为6种重金属加pH和有机质共8个，但①中测定的是8种重金属，未说明为何只选6种入模，存在特征选择不一致且未交代理由的硬伤。""},
  {""节"": ""④"", ""缺陷"": ""十折交叉验证要求全部153个样点参与，每折约15个样点，而非30个；每折约30个样点意味着仅约60个样点参与验证，与“全部样点参与”自相矛盾。""},
  {""节"": ""⑤"", ""缺陷"": ""Cd实测浓度范围为0.05–0.83 mg/kg，但⑥中克里金插值预测全区Cd含量介于3–15 mg/kg，预测值远超实测值范围，数据严重自相矛盾。""}
]"
D,LongCat-2.0,1,1,2,0,0,1,597,stop,④⑥,"[{""节"": ""④"", ""缺陷"": ""153个样点做十折交叉验证，每折约15个，不可能每折约30个，数据自相矛盾。""}, {""节"": ""⑥"", ""缺陷"": ""Cd实测浓度范围仅为0.05–0.83 mg/kg，克里金插值预测结果却显示全区Cd含量介于3–15 mg/kg，远超实测范围，违背基本逻辑。""}]"
D,LongCat-2.0,1,2,2,0,0,1,721,stop,④⑥,"```json
[
  {
    ""节"": ""④"",
    ""缺陷"": ""十折交叉验证每折约30个样点，与总样点数153矛盾（153÷10≈15.3）。""
  },
  {
    ""节"": ""⑥"",
    ""缺陷"": ""克里金插值预测Cd含量范围为3–15 mg/kg，远超实测浓度0.05–0.83 mg/kg，数据严重自相矛盾。""
  }
]
```"
D,LongCat-2.0,1,3,2,0,0,1,1460,stop,④⑥,"```json
[
  {""节"": ""④"", ""缺陷"": ""样本总量为153，进行十折交叉验证时每折应约15个样点，文中称约30个，逻辑与计算矛盾""},
  {""节"": ""⑥"", ""缺陷"": ""克里金插值预测值(3–15 mg/kg)远超实测浓度范围(0.05–0.83 mg/kg)，违背插值无法超出实测值极值的原则，数据严重自相矛盾""}
]
```"
