task,depth,type,model,thinking,trial,correct,strict,completion,reasoning_chars,wall,finish,failmode,note,raw
d-multihop,deep,多跳算术,Qwen3.6-35B,0,1,0,0,5,0,1.2,stop,wrong,"得到 (21, 3) 期望 (78, 3)","21,3"
d-multihop,deep,多跳算术,Qwen3.6-35B,0,2,0,0,5,0,1.3,stop,wrong,"得到 (45, 1) 期望 (78, 3)","45,1"
d-multihop,deep,多跳算术,Qwen3.6-35B,0,3,0,0,5,0,1.3,stop,wrong,"得到 (35, 1) 期望 (78, 3)","35,1"
d-multihop,deep,多跳算术,Qwen3.6-35B,0,4,0,0,5,0,1.3,stop,wrong,"得到 (68, 2) 期望 (78, 3)","68,2"
d-multihop,deep,多跳算术,Qwen3.6-35B,0,5,0,0,5,0,1.2,stop,wrong,"得到 (46, 4) 期望 (78, 3)","46,4"
d-multihop,deep,多跳算术,Qwen3.6-35B,1,1,1,1,1965,0,28.8,stop,,"得到 (78, 3) 期望 (78, 3)","78,3"
d-multihop,deep,多跳算术,Qwen3.6-35B,1,2,1,1,1979,0,19.7,stop,,"得到 (78, 3) 期望 (78, 3)","78,3"
d-multihop,deep,多跳算术,Qwen3.6-35B,1,3,1,1,1615,0,23.9,stop,,"得到 (78, 3) 期望 (78, 3)","78,3"
d-multihop,deep,多跳算术,Qwen3.6-35B,1,4,1,1,1937,0,28.4,stop,,"得到 (78, 3) 期望 (78, 3)","78,3"
d-multihop,deep,多跳算术,Qwen3.6-35B,1,5,1,1,2059,0,26.3,stop,,"得到 (78, 3) 期望 (78, 3)","78,3"
d-multihop,deep,多跳算术,GLM-5.2,0,1,0,0,3,0,1.7,stop,wrong,"得到 (126, 4) 期望 (78, 3)","126,4"
d-multihop,deep,多跳算术,GLM-5.2,0,2,0,0,4,0,7.5,stop,wrong,"得到 (197, 5) 期望 (78, 3)","197,5"
d-multihop,deep,多跳算术,GLM-5.2,0,3,0,0,3,0,0.9,stop,wrong,"得到 (207, 0) 期望 (78, 3)","207,0"
d-multihop,deep,多跳算术,GLM-5.2,0,4,0,0,3,0,1.0,stop,wrong,"得到 (46, 4) 期望 (78, 3)","46,4"
d-multihop,deep,多跳算术,GLM-5.2,0,5,0,0,3,0,1.6,stop,wrong,"得到 (63, 1) 期望 (78, 3)","63,1"
d-multihop,deep,多跳算术,GLM-5.2,1,1,1,1,490,0,11.4,stop,,"得到 (78, 3) 期望 (78, 3)","78,3"
d-multihop,deep,多跳算术,GLM-5.2,1,2,1,1,266,0,5.9,stop,,"得到 (78, 3) 期望 (78, 3)","78,3"
d-multihop,deep,多跳算术,GLM-5.2,1,3,1,1,228,0,5.7,stop,,"得到 (78, 3) 期望 (78, 3)","78,3"
d-multihop,deep,多跳算术,GLM-5.2,1,4,1,1,570,0,13.1,stop,,"得到 (78, 3) 期望 (78, 3)","78,3"
d-multihop,deep,多跳算术,GLM-5.2,1,5,1,1,327,0,7.6,stop,,"得到 (78, 3) 期望 (78, 3)","78,3"
d-multihop,deep,多跳算术,DeepSeek-V4-Pro,0,1,0,0,3,0,1.9,stop,wrong,"得到 (272, 3) 期望 (78, 3)","272,3"
d-multihop,deep,多跳算术,DeepSeek-V4-Pro,0,2,0,0,3,0,10.1,stop,wrong,"得到 (234, 0) 期望 (78, 3)","234,0"
d-multihop,deep,多跳算术,DeepSeek-V4-Pro,0,3,1,0,206,0,220.9,stop,,"得到 (78, 3) 期望 (78, 3)","好的，我们逐步计算。  

**甲仓库**  
甲 = 272 件  

**乙仓库**  
乙 = 272 × 3/4 = 204 件  

**丙仓库**  
甲乙之和 = 272 + 204 = 476  
一半 = 238  
丙 = 238 − 30 = 208 件  

---

**各自卖出 1/5（向下取整）**  
甲卖出：272 ÷ 5 = 54.4 → 54 件，剩 218  
乙卖出：204 ÷ 5 = 40.8 → 40 件，剩 164  
丙卖出：208 ÷ 5 = 41.6 → 41 件，剩 167  

剩余总量：218 + 164 + 167 = 549 件  

---

**分配给 7 个门店**  
549 ÷ 7 = 78 件/店，余 3 件  

---

答案：  
78,3"
d-multihop,deep,多跳算术,DeepSeek-V4-Pro,0,4,1,0,247,0,6.2,stop,,"得到 (78, 3) 期望 (78, 3)","好的，我们来一步步算。

**第一步：求各自库存**  
- 甲仓库：272 件  
- 乙仓库：272 × ¾ = 204 件  
- 甲乙和的一半：(272 + 204) ÷ 2 = 476 ÷ 2 = 238 件  
- 丙仓库：238 − 30 = 208 件  

**第二步：各自卖出五分之一（向下取整）**  
- 甲卖出：⌊272 ÷ 5⌋ = 54，剩下 272 − 54 = 218  
- 乙卖出：⌊204 ÷ 5⌋ = 40，剩下 204 − 40 = 164  
- 丙卖出：⌊208 ÷ 5⌋ = 41，剩下 208 − 41 = 167  

**第三步：合并剩余**  
总和：218 + 164 + 167 = 549  

**第四步：平均分给 7 个门店**  
549 ÷ 7 = 78 件/店，余数 549 − 78×7 = 549 − 546 = 3  

**最终答案**：
78,3"
d-multihop,deep,多跳算术,DeepSeek-V4-Pro,0,5,0,0,3,0,0.9,stop,wrong,"得到 (272, 0) 期望 (78, 3)","272,0"
d-multihop,deep,多跳算术,DeepSeek-V4-Pro,1,1,1,1,358,0,9.1,stop,,"得到 (78, 3) 期望 (78, 3)","78,3"
d-multihop,deep,多跳算术,DeepSeek-V4-Pro,1,2,1,1,444,0,21.9,stop,,"得到 (78, 3) 期望 (78, 3)","78,3"
d-multihop,deep,多跳算术,DeepSeek-V4-Pro,1,3,1,1,408,0,11.1,stop,,"得到 (78, 3) 期望 (78, 3)","78,3"
d-multihop,deep,多跳算术,DeepSeek-V4-Pro,1,4,1,1,401,0,10.3,stop,,"得到 (78, 3) 期望 (78, 3)","78,3"
d-multihop,deep,多跳算术,DeepSeek-V4-Pro,1,5,1,1,374,0,9.9,stop,,"得到 (78, 3) 期望 (78, 3)","78,3"
d-multihop,deep,多跳算术,Kimi-K2.6,0,1,1,0,257,0,14.9,stop,,"得到 (78, 3) 期望 (78, 3)","我需要逐步计算三个仓库的货物数量，然后计算卖出五分之一后的剩余，最后合并分配给7个门店。

**计算各仓库初始库存：**
- 甲仓库：272 件
- 乙仓库：272 × 3/4 = 204 件
- 丙仓库：(272 + 204)/2 - 30 = 476/2 - 30 = 238 - 30 = 208 件

**各仓库卖出五分之一（向下取整）：**
- 甲卖出：272/5 = 54.4 → 54 件，剩余：272 - 54 = 218 件
- 乙卖出：204/5 = 40.8 → 40 件，剩余：204 - 40 = 164 件
- 丙卖出：208/5 = 41.6 → 41 件，剩余：208 - 41 = 167 件

**合并剩余货物：**
218 + 164 + 167 = 549 件

**分配给7个门店：**
549 ÷ 7 = 78 余 3

验证：78 × 7 = 546，549 - 546 = 3

78,3"
d-multihop,deep,多跳算术,Kimi-K2.6,0,2,1,0,277,0,9.4,stop,,"得到 (78, 3) 期望 (78, 3)","我需要逐步计算三个仓库的库存，然后计算卖出五分之一后的剩余，合并后分配给7个门店。

**计算各仓库初始库存：**
- 甲仓库：272 件
- 乙仓库：272 × 3/4 = 204 件
- 丙仓库：(272 + 204) / 2 - 30 = 476 / 2 - 30 = 238 - 30 = 208 件

**各仓库卖出五分之一（向下取整）：**
- 甲卖出：⌊272/5⌋ = ⌊54.4⌋ = 54 件，剩余：272 - 54 = 218 件
- 乙卖出：⌊204/5⌋ = ⌊40.8⌋ = 40 件，剩余：204 - 40 = 164 件
- 丙卖出：⌊208/5⌋ = ⌊41.6⌋ = 41 件，剩余：208 - 41 = 167 件

**合并剩余货物：**
218 + 164 + 167 = 549 件

**分配给7个门店：**
549 ÷ 7 = 78 余 3

所以每店分到 78 件，剩余 3 件。

78,3"
d-multihop,deep,多跳算术,Kimi-K2.6,0,3,1,0,252,0,9.8,stop,,"得到 (78, 3) 期望 (78, 3)","我需要逐步计算三个仓库的货物数量，然后计算卖出五分之一后的剩余，最后合并分配。

**初始库存：**
- 甲仓库：272 件
- 乙仓库：272 × 3/4 = 204 件
- 丙仓库：(272 + 204) / 2 - 30 = 476 / 2 - 30 = 238 - 30 = 208 件

**各卖出五分之一（向下取整）：**
- 甲卖出：272 / 5 = 54.4 → 54 件，剩余：272 - 54 = 218 件
- 乙卖出：204 / 5 = 40.8 → 40 件，剩余：204 - 40 = 164 件
- 丙卖出：208 / 5 = 41.6 → 41 件，剩余：208 - 41 = 167 件

**剩余合并：**
218 + 164 + 167 = 549 件

**分配给 7 个门店：**
549 / 7 = 78 余 3

每个门店分到 78 件，剩余 3 件。

78,3"
d-multihop,deep,多跳算术,Kimi-K2.6,0,4,1,0,219,0,13.4,stop,,"得到 (78, 3) 期望 (78, 3)","我需要逐步计算每个仓库的货物数量，然后计算卖出五分之一后剩下的货物，最后合并分配给7个门店。

**甲仓库**：272件

**乙仓库**：272 × 3/4 = 204件

**丙仓库**：(272 + 204)/2 - 30 = 476/2 - 30 = 238 - 30 = 208件

**各仓库卖出五分之一后剩余：**

- 甲仓库剩余：272 - ⌊272/5⌋ = 272 - 54 = 218件
- 乙仓库剩余：204 - ⌊204/5⌋ = 204 - 40 = 164件
- 丙仓库剩余：208 - ⌊208/5⌋ = 208 - 41 = 167件

**合并剩余货物：** 218 + 164 + 167 = 549件

**分配给7个门店：**
549 ÷ 7 = 78 余 3

每个门店分到78件，剩余3件。

78,3"
d-multihop,deep,多跳算术,Kimi-K2.6,0,5,1,0,376,0,12.6,stop,,"得到 (78, 3) 期望 (78, 3)","我需要逐步计算三个仓库的货物数量，然后计算卖出五分之一后的剩余，合并后平均分配给7个门店。

## 计算各仓库初始库存

**甲仓库**：272 件

**乙仓库**：272 × 3/4 = 204 件

**丙仓库**：(272 + 204) / 2 - 30 = 476 / 2 - 30 = 238 - 30 = 208 件

## 计算各仓库卖出五分之一后的剩余

卖出五分之一，即剩余五分之四（向下取整）

**甲仓库剩余**：272 × 4/5 = 1088/5 = 217.6 → 向下取整 = **217** 件

验证：272 ÷ 5 = 54.4，卖出 54 件，剩余 272 - 54 = 218 件

等等，让我重新理解""卖出自己库存的五分之一（除不尽时向下取整）""：
- 卖出的数量 = floor(库存 × 1/5)
- 甲卖出：floor(272/5) = floor(54.4) = 54，剩余 272 - 54 = **218**

**乙仓库剩余**：floor(204/5) = floor(40.8) = 40，剩余 204 - 40 = **164**

*"
d-multihop,deep,多跳算术,Kimi-K2.6,1,1,1,1,855,0,23.3,stop,,"得到 (78, 3) 期望 (78, 3)","78,3"
d-multihop,deep,多跳算术,Kimi-K2.6,1,2,1,1,865,0,24.4,stop,,"得到 (78, 3) 期望 (78, 3)","78,3"
d-multihop,deep,多跳算术,Kimi-K2.6,1,3,1,1,989,0,28.8,stop,,"得到 (78, 3) 期望 (78, 3)","78,3"
d-multihop,deep,多跳算术,Kimi-K2.6,1,4,1,1,756,0,22.2,stop,,"得到 (78, 3) 期望 (78, 3)","78,3"
d-multihop,deep,多跳算术,Kimi-K2.6,1,5,1,1,1428,0,50.5,stop,,"得到 (78, 3) 期望 (78, 3)","78,3"
d-multihop,deep,多跳算术,LongCat-2.0,0,1,0,0,6,0,1.7,stop,wrong,"得到 (198, 0) 期望 (78, 3)","198,0"
d-multihop,deep,多跳算术,LongCat-2.0,0,2,0,0,6,0,1.4,stop,wrong,"得到 (131, 2) 期望 (78, 3)","131,2"
d-multihop,deep,多跳算术,LongCat-2.0,0,3,0,0,6,0,1.4,stop,wrong,"得到 (135, 5) 期望 (78, 3)","135,5"
d-multihop,deep,多跳算术,LongCat-2.0,0,4,0,0,6,0,1.7,stop,wrong,"得到 (194, 6) 期望 (78, 3)","194,6"
d-multihop,deep,多跳算术,LongCat-2.0,0,5,0,0,5,0,1.4,stop,wrong,"得到 (30, 3) 期望 (78, 3)","30,3"
d-multihop,deep,多跳算术,LongCat-2.0,1,1,1,1,2218,0,55.4,stop,,"得到 (78, 3) 期望 (78, 3)","78,3"
d-multihop,deep,多跳算术,LongCat-2.0,1,2,1,1,565,0,16.0,stop,,"得到 (78, 3) 期望 (78, 3)","78,3"
d-multihop,deep,多跳算术,LongCat-2.0,1,3,1,1,484,0,10.5,stop,,"得到 (78, 3) 期望 (78, 3)","78,3"
d-multihop,deep,多跳算术,LongCat-2.0,1,4,1,1,416,0,12.2,stop,,"得到 (78, 3) 期望 (78, 3)","78,3"
d-multihop,deep,多跳算术,LongCat-2.0,1,5,1,1,370,0,9.2,stop,,"得到 (78, 3) 期望 (78, 3)","78,3"
